| dtime      | temp      | humidity      |
| 20140129102700 | 120       | 43            |
| 20140129103000 | 130       | 43            |
| 20140129103300 | 120       | 43            |
| 20140129103600 | 120       | 43            |
| 20140129103900 | 120       | 43            |
| 20140129104200 | 120       | 43            |
| 20140129104500 | 120       | 43            |
| 20140129104800 | 140       | 43            |
| 20140129105100 | 140       | 43            |
| 20140129105400 | 140       | 43            |
| 20140129110000 | 150       | 40            |
| 20140129110300 | 160       | 42            |
| 20140129110600 | 160       | 41            |
| 20140129110900 | 160       | 41            |
| 20140129111200 | 160       | 41            |
| 20140129111500 | 160       | 41            |
| 20140129111800 | 170       | 40            |
| 20140129112100 | 170       | 40            |
| 20140129112400 | 170       | 40            |
| 20140129112700 | 170       | 40            |
| 20140129113300 | 170       | 40            |
| 20140129113600 | 170       | 40            |
| 20140129113900 | 170       | 40            |
| 20140129114200 | 170       | 40            |
| 20140129114500 | 170       | 40            |
| 20140129114800 | 170       | 40            |
| 20140129115100 | 170       | 40            |
| 20140129115400 | 170       | 40            |
| 20140129115700 | 170       | 40            |
| 20140129120000 | 170       | 40            |
| 20140129120300 | 170       | 40            |
| 20140129120600 | 170       | 39            |
| 20140129120900 | 170       | 40            |
| 20140129121200 | 170       | 39            |
| 20140129121500 | 170       | 39            |
| 20140130141200 | 170       | 38            |
| 20140130141500 | 170       | 38            |
| 20140130141800 | 170       | 38            |
| 20140130142100 | 170       | 38            |
| 20140130142400 | 170       | 38            |
| 20140130142700 | 170       | 38            |
| 20140130143000 | 190       | 39            |
| 20140130143300 | 170       | 39            |
| 20140130143600 | 170       | 38            |
| 20140130143900 | 170       | 38            |
| 20140130144200 | 170       | 38            |
| 20140130144800 | 170       | 38            |
| 20140130145100 | 170       | 38            |
| 20140130145400 | 190       | 39            |
| 20140130145700 | 170       | 38            |
| 20140130150000 | 170       | 38            |
| 20140130150300 | 170       | 38            |
| 20140130150600 | 170       | 38            |
| 20140130150900 | 170       | 38            |
| 20140130151200 | 170       | 38            |
| 20140130151500 | 170       | 38            |
| 20140130151800 | 170       | 38            |
| 20140130152100 | 170       | 38            |
| 20140130152400 | 180       | 38            |
| 20140130152700 | 190       | 39            |
| 20140130153000 | 180       | 38            |
| 20140130153300 | 180       | 38            |
| 20140130153600 | 180       | 38            |
| 20140130153900 | 180       | 38            |
| 20140130154200 | 180       | 38            |
| 20140130154500 | 180       | 38            |
| 20140130154800 | 180       | 38            |
| 20140130155100 | 180       | 38            |
| 20140130155400 | 180       | 38            |
| 20140130155500 | 180       | 38            |
| 20140130155600 | 180       | 38            |
| 20140130155700 | 180       | 38            |
| 20140130155823 | 180       | 38            |
| 20140130155909 | 180       | 38            |
| 20140130155954 | 180       | 38            |
| 20140130160040 | 180       | 38            |
| 20140130160311 | 180       | 38            |
| 20140130160356 | 180       | 38            |
| 20140130160426 | 180       | 38            |
| 20140130160442 | 180       | 38            |
| 20140130160527 | 180       | 38            |
| 20140130160557 | 180       | 38            |
| 20140130160613 | 180       | 38            |
| 20140130160643 | 200       | 39            |
| 20140130160658 | 180       | 38            |
| 20140130160728 | 180       | 38            |
| 20140130160814 | 180       | 38            |
| 20140130160859 | 180       | 38            |
| 20140130160914 | 180       | 38            |
| 20140130160959 | 180       | 38            |
| 20140130161045 | 180       | 38            |
| 20140130161100 | 180       | 38            |
| 20140130161130 | 180       | 38            |
| 20140130161145 | 180       | 38            |
| 20140130161215 | 180       | 38            |
| 20140130161301 | 180       | 38            |
| 20140130161346 | 180       | 38            |
| 20140130161401 | 180       | 38            |
| 20140130161447 | 180       | 38            |
| 20140130161532 | 180       | 38            |
| 20140130161617 | 180       | 38            |
| 20140130161633 | 190       | 39            |
| 20140130161703 | 180       | 38            |
| 20140130161748 | 180       | 38            |
| 20140130161803 | 180       | 38            |
| 20140130161833 | 180       | 38            |
| 20140130161849 | 180       | 38            |
| 20140130161919 | 180       | 38            |
| 20140130162019 | 180       | 38            |
| 20140130162105 | 180       | 38            |
| 20140130162150 | 180       | 38            |
| 20140130162235 | 180       | 38            |
| 20140130162321 | 180       | 38            |
| 20140130162406 | 180       | 38            |
| 20140130162436 | 180       | 38            |
| 20140130162507 | 180       | 38            |
| 20140130162537 | 180       | 38            |
| 20140130162552 | 180       | 38            |
| 20140130162622 | 180       | 38            |
| 20140130162708 | 180       | 38            |
| 20140130162753 | 180       | 38            |
| 20140130162808 | 180       | 38            |
| 20140130162838 | 180       | 38            |
| 20140130162854 | 180       | 38            |
| 20140130162924 | 180       | 38            |
| 20140130163009 | 180       | 38            |
| 20140130163024 | 180       | 38            |
| 20140130163055 | 180       | 38            |
| 20140130163110 | 180       | 38            |
| 20140130163140 | 180       | 38            |
| 20140130163210 | 190       | 39            |
| 20140130163255 | 180       | 38            |
| 20140130163512 | 180       | 38            |
| 20140130163813 | 180       | 38            |
| 20140130163859 | 180       | 38            |
| 20140130163944 | 180       | 38            |
| 20140130163959 | 180       | 38            |
| 20140130164029 | 180       | 38            |
| 20140130164045 | 180       | 38            |
| 20140130164115 | 180       | 38            |
| 20140130164200 | 180       | 38            |
| 20140130164215 | 180       | 38            |
| 20140130164246 | 180       | 38            |
| 20140130164301 | 180       | 38            |
| 20140130164331 | 180       | 38            |
| 20140130164416 | 180       | 38            |
| 20140130164502 | 180       | 38            |
| 20140130164517 | 180       | 38            |
| 20140130164547 | 180       | 38            |
| 20140130164602 | 190       | 39            |
| 20140130164633 | 180       | 38            |
| 20140130164703 | 180       | 38            |
| 20140130164748 | 180       | 38            |
| 20140130164833 | 180       | 38            |
| 20140130164919 | 180       | 38            |
| 20140130165004 | 180       | 38            |
| 20140130165050 | 180       | 38            |
| 20140130170711 | 160       | 40            |
| 20140130171027 | 170       | 39            |
| 20140130171113 | 170       | 39            |
| 20140130171158 | 190       | 39            |
| 20140130171244 | 180       | 39            |
| 20140130171329 | 180       | 39            |
| 20140130171414 | 180       | 39            |
| 20140130171500 | 180       | 39            |
| 20140130171515 | 180       | 39            |
| 20140130171545 | 180       | 39            |
| 20140130171631 | 180       | 39            |
| 20140130171716 | 180       | 39            |
| 20140130171731 | 180       | 39            |
| 20140130171801 | 180       | 39            |
| 20140130171816 | 180       | 39            |
| 20140130171847 | 180       | 39            |
| 20140130171902 | 180       | 39            |
| 20140130171932 | 180       | 39            |
| 20140130172018 | 180       | 38            |
| 20140130172033 | 180       | 39            |
| 20140130172103 | 180       | 38            |
| 20140130172118 | 180       | 39            |
| 20140130172148 | 180       | 39            |
| 20140130172204 | 180       | 39            |
| 20140130172304 | 180       | 39            |
| 20140130172636 | 180       | 39            |
| 20140130172651 | 180       | 39            |
| 20140130172721 | 180       | 39            |
| 20140130173208 | 180       | 39            |
| 20140130173253 | 170       | 39            |
| 20140130173308 | 170       | 39            |
| 20140130173338 | 160       | 40            |
| 20140130173354 | 160       | 40            |
| 20140130173424 | 160       | 40            |
| 20140130173439 | 160       | 40            |
| 20140130173509 | 150       | 40            |
| 20140130173555 | 150       | 40            |
| 20140130173610 | 150       | 40            |
| 20140130173655 | 150       | 40            |
| 20140130173740 | 150       | 40            |
| 20140130173826 | 140       | 41            |
| 20140130173841 | 140       | 41            |
| 20140130173911 | 140       | 41            |
| 20140130173926 | 140       | 41            |
| 20140130173957 | 140       | 41            |
| 20140130174012 | 140       | 41            |
| 20140130174042 | 140       | 41            |
| 20140130174127 | 140       | 41            |
| 20140130174142 | 140       | 41            |
| 20140130174228 | 140       | 41            |
| 20140130174258 | 140       | 41            |
| 20140130174313 | 140       | 41            |
| 20140130174413 | 140       | 41            |
| 20140130174459 | 140       | 41            |
| 20140130174544 | 140       | 42            |
| 20140130174630 | 140       | 42            |
| 20140130174715 | 140       | 42            |
| 20140130174800 | 140       | 42            |
| 20140130174846 | 140       | 42            |
| 20140130174931 | 140       | 42            |
| 20140130175016 | 150       | 41            |
| 20140130175047 | 150       | 41            |
| 20140130175102 | 150       | 41            |
| 20140130175147 | 150       | 41            |
| 20140130175233 | 150       | 41            |
| 20140130175248 | 150       | 41            |
| 20140130175318 | 150       | 41            |
| 20140130175333 | 150       | 41            |
| 20140130175403 | 150       | 41            |
| 20140130175418 | 150       | 41            |
| 20140130175449 | 150       | 41            |
| 20140130175534 | 150       | 41            |
| 20140130175619 | 150       | 41            |
| 20140130175634 | 150       | 41            |
| 20140130175705 | 150       | 41            |
| 20140130175720 | 150       | 41            |
| 20140130175750 | 150       | 41            |
| 20140130175820 | 150       | 41            |
| 20140130180122 | 150       | 41            |
| 20140130180207 | 150       | 41            |
| 20140130180237 | 150       | 41            |
| 20140130180252 | 150       | 41            |
| 20140130180337 | 150       | 41            |
| 20140130180423 | 150       | 41            |
| 20140130180508 | 150       | 41            |
| 20140130180523 | 140       | 42            |
| 20140130180553 | 150       | 41            |
| 20140130180639 | 140       | 42            |
| 20140130180654 | 140       | 42            |
| 20140130180724 | 140       | 42            |
| 20140130180739 | 140       | 42            |
| 20140130180810 | 140       | 42            |
| 20140130180825 | 140       | 42            |
| 20140130180855 | 140       | 42            |
| 20140130180940 | 140       | 42            |
| 20140130181041 | 140       | 42            |
| 20140130181126 | 140       | 42            |
| 20140130181212 | 140       | 42            |
| 20140130181227 | 140       | 42            |
| 20140130181257 | 140       | 42            |
| 20140130181312 | 140       | 42            |
| 20140130181342 | 140       | 42            |
| 20140130181357 | 140       | 42            |
| 20140130181428 | 140       | 42            |
| 20140130181513 | 140       | 42            |
| 20140130181558 | 140       | 42            |
| 20140130181613 | 140       | 42            |
| 20140130181644 | 140       | 42            |
| 20140130181659 | 140       | 42            |
| 20140130181729 | 140       | 42            |
| 20140130181814 | 140       | 42            |
| 20140130181900 | 140       | 42            |
| 20140130181915 | 140       | 42            |
| 20140130181930 | 140       | 42            |
| 20140130182015 | 140       | 42            |
| 20140130182100 | 140       | 42            |
| 20140130182146 | 140       | 42            |
| 20140130182231 | 140       | 42            |
| 20140130182317 | 140       | 42            |
| 20140130182347 | 140       | 42            |
| 20140130182432 | 140       | 42            |
| 20140130182447 | 140       | 42            |
| 20140130182518 | 140       | 42            |
| 20140130182533 | 140       | 42            |
| 20140130182603 | 140       | 42            |
| 20140130182618 | 140       | 42            |
| 20140130182648 | 140       | 42            |
| 20140130182719 | 140       | 42            |
| 20140130182749 | 140       | 42            |
| 20140130182804 | 140       | 42            |
| 20140130182834 | 140       | 42            |
| 20140130182920 | 140       | 42            |
| 20140130183005 | 140       | 42            |
| 20140130183020 | 140       | 42            |
| 20140130183050 | 140       | 42            |
| 20140130183105 | 140       | 42            |
| 20140130183136 | 140       | 42            |
| 20140130183151 | 140       | 42            |
| 20140130183221 | 140       | 42            |
| 20140130183307 | 140       | 42            |
| 20140130183352 | 140       | 42            |
| 20140130183407 | 140       | 42            |
| 20140130183507 | 140       | 42            |
| 20140130183553 | 140       | 42            |
| 20140130183638 | 140       | 42            |
| 20140130183723 | 140       | 42            |
| 20140130183754 | 140       | 42            |
| 20140130183854 | 140       | 42            |
| 20140130183939 | 150       | 41            |
| 20140130184025 | 150       | 41            |
| 20140130184110 | 150       | 41            |
| 20140130184125 | 150       | 41            |
| 20140130184155 | 150       | 41            |
| 20140130184211 | 150       | 41            |
| 20140130184256 | 150       | 41            |
| 20140130184341 | 150       | 41            |
| 20140130184427 | 150       | 41            |
| 20140130184512 | 150       | 41            |
| 20140130184557 | 150       | 41            |
| 20140130184643 | 150       | 41            |
| 20140130184713 | 150       | 41            |
| 20140130184758 | 150       | 41            |
| 20140130184813 | 150       | 41            |
| 20140130184828 | 150       | 41            |
| 20140130184859 | 150       | 41            |
| 20140130184944 | 150       | 41            |
| 20140130184959 | 150       | 41            |
| 20140130185029 | 150       | 41            |
| 20140130185044 | 150       | 41            |
| 20140130185115 | 150       | 41            |
| 20140130185130 | 150       | 41            |
| 20140130185200 | 150       | 41            |
| 20140130185245 | 150       | 41            |
| 20140130185331 | 150       | 41            |
| 20140130185346 | 150       | 41            |
| 20140130185416 | 150       | 41            |
| 20140130185431 | 150       | 41            |
| 20140130185517 | 150       | 41            |
| 20140130185532 | 150       | 41            |
| 20140130185602 | 150       | 41            |
| 20140130185617 | 150       | 41            |
| 20140130185647 | 150       | 41            |
| 20140130185702 | 150       | 41            |
| 20140130185733 | 150       | 41            |
| 20140130185818 | 150       | 41            |
| 20140130185903 | 150       | 41            |
| 20140130185919 | 150       | 41            |
| 20140130185949 | 150       | 41            |
| 20140130190004 | 150       | 41            |
| 20140130190049 | 150       | 41            |
| 20140130190135 | 150       | 41            |
| 20140130190220 | 150       | 41            |
| 20140130190305 | 150       | 41            |
| 20140130190351 | 140       | 42            |
| 20140130190436 | 140       | 42            |
| 20140130190451 | 140       | 42            |
| 20140130190521 | 140       | 42            |
| 20140130190536 | 140       | 42            |
| 20140130190607 | 140       | 42            |
| 20140130190652 | 140       | 42            |
| 20140130190737 | 140       | 42            |
| 20140130190752 | 140       | 42            |
| 20140130190823 | 140       | 42            |
| 20140130190838 | 140       | 42            |
| 20140130190908 | 140       | 42            |
| 20140130190923 | 140       | 42            |
| 20140130191023 | 140       | 42            |
| 20140130191109 | 140       | 42            |
| 20140130191154 | 140       | 42            |
| 20140130191239 | 140       | 42            |
| 20140130191254 | 140       | 42            |
| 20140130191325 | 140       | 42            |
| 20140130191410 | 140       | 42            |
| 20140130191726 | 140       | 42            |
| 20140130191812 | 140       | 42            |
| 20140130191857 | 140       | 42            |
| 20140130191927 | 140       | 42            |
| 20140130191942 | 140       | 42            |
| 20140130192013 | 140       | 42            |
| 20140130192058 | 140       | 42            |
| 20140130192143 | 140       | 42            |
| 20140130192159 | 140       | 42            |
| 20140130192229 | 140       | 42            |
| 20140130192244 | 140       | 42            |
| 20140130192314 | 140       | 42            |
| 20140130192329 | 140       | 42            |
| 20140130192359 | 140       | 42            |
| 20140130192430 | 140       | 42            |
| 20140130192500 | 140       | 42            |
| 20140130192515 | 140       | 42            |
| 20140130192545 | 140       | 42            |
| 20140130192631 | 140       | 42            |
| 20140130192716 | 140       | 42            |
| 20140130192731 | 140       | 42            |
| 20140130192801 | 140       | 42            |
| 20140130192816 | 140       | 42            |
| 20140130192902 | 140       | 42            |
| 20140130192947 | 140       | 42            |
| 20140130193032 | 150       | 41            |
| 20140130193118 | 150       | 41            |
| 20140130193203 | 150       | 41            |
| 20140130193248 | 150       | 41            |
| 20140130193304 | 150       | 41            |
| 20140130193349 | 150       | 41            |
| 20140130193434 | 150       | 41            |
| 20140130193520 | 150       | 41            |
| 20140130193605 | 150       | 41            |
| 20140130193650 | 150       | 41            |
| 20140130193736 | 150       | 41            |
| 20140130193806 | 150       | 41            |
| 20140130193836 | 150       | 41            |
| 20140130193906 | 150       | 41            |
| 20140130193921 | 150       | 41            |
| 20140130193952 | 150       | 41            |
| 20140130194007 | 150       | 41            |
| 20140130194037 | 150       | 41            |
| 20140130194122 | 150       | 41            |
| 20140130194137 | 150       | 41            |
| 20140130194208 | 150       | 41            |
| 20140130194223 | 150       | 41            |
| 20140130194253 | 150       | 41            |
| 20140130194308 | 150       | 41            |
| 20140130194338 | 150       | 41            |
| 20140130194424 | 150       | 41            |
| 20140130194509 | 150       | 41            |
| 20140130194524 | 150       | 41            |
| 20140130194539 | 150       | 41            |
| 20140130194624 | 150       | 41            |
| 20140130194810 | 150       | 41            |
| 20140130194825 | 150       | 41            |
| 20140130194840 | 150       | 41            |
| 20140130195227 | 150       | 41            |
| 20140130195242 | 140       | 42            |
| 20140130195313 | 140       | 42            |
| 20140130195328 | 140       | 42            |
| 20140130195358 | 140       | 42            |
| 20140130195413 | 140       | 42            |
| 20140130195443 | 140       | 42            |
| 20140130195529 | 140       | 42            |
| 20140130195614 | 140       | 42            |
| 20140130195629 | 140       | 42            |
| 20140130195659 | 140       | 42            |
| 20140130195714 | 140       | 42            |
| 20140130195745 | 140       | 42            |
| 20140130195830 | 140       | 42            |
| 20140130195915 | 140       | 42            |
| 20140130195930 | 150       | 41            |
| 20140130195946 | 150       | 41            |
| 20140130200016 | 150       | 41            |
| 20140130200101 | 150       | 41            |
| 20140130200202 | 150       | 41            |
| 20140130200247 | 150       | 41            |
| 20140130200332 | 150       | 41            |
| 20140130200418 | 150       | 41            |
| 20140130200503 | 150       | 41            |
| 20140130200548 | 150       | 41            |
| 20140130200649 | 150       | 41            |
| 20140130200734 | 150       | 41            |
| 20140130200819 | 150       | 41            |
| 20140130200905 | 150       | 41            |
| 20140130200950 | 150       | 41            |
| 20140130201020 | 150       | 41            |
| 20140130201035 | 150       | 41            |
| 20140130201106 | 150       | 41            |
| 20140130201121 | 150       | 41            |
| 20140130201151 | 150       | 41            |
| 20140130201236 | 150       | 41            |
| 20140130201322 | 150       | 41            |
| 20140130201337 | 150       | 41            |
| 20140130201352 | 150       | 41            |
| 20140130201422 | 140       | 42            |
| 20140130201507 | 140       | 42            |
| 20140130201553 | 140       | 42            |
| 20140130201608 | 140       | 42            |
| 20140130201638 | 140       | 42            |
| 20140130201653 | 140       | 42            |
| 20140130201723 | 140       | 42            |
| 20140130201809 | 140       | 42            |
| 20140130201854 | 140       | 42            |
| 20140130201909 | 140       | 42            |
| 20140130201939 | 140       | 42            |
| 20140130201955 | 140       | 42            |
| 20140130202025 | 140       | 42            |
| 20140130202040 | 140       | 42            |
| 20140130202441 | 140       | 42            |
| 20140130202527 | 140       | 42            |
| 20140130202612 | 140       | 42            |
| 20140130202658 | 140       | 42            |
| 20140130202743 | 140       | 42            |
| 20140130202828 | 140       | 42            |
| 20140130202913 | 150       | 41            |
| 20140130202959 | 150       | 41            |
| 20140130203014 | 150       | 41            |
| 20140130203044 | 150       | 41            |
| 20140130203059 | 150       | 41            |
| 20140130203130 | 150       | 41            |
| 20140130203145 | 150       | 41            |
| 20140130203215 | 150       | 41            |
| 20140130203300 | 150       | 41            |
| 20140130203401 | 150       | 41            |
| 20140130203446 | 150       | 41            |
| 20140130203531 | 150       | 41            |
| 20140130203546 | 150       | 41            |
| 20140130203632 | 150       | 41            |
| 20140130203717 | 150       | 41            |
| 20140130204250 | 150       | 41            |
| 20140130204405 | 150       | 41            |
| 20140130204420 | 150       | 41            |
| 20140130204451 | 150       | 41            |
| 20140130204506 | 150       | 41            |
| 20140130204536 | 150       | 41            |
| 20140130204551 | 150       | 41            |
| 20140130204621 | 150       | 41            |
| 20140130204707 | 150       | 41            |
| 20140130204752 | 150       | 41            |
| 20140130204807 | 150       | 41            |
| 20140130204837 | 150       | 41            |
| 20140130204853 | 150       | 41            |
| 20140130204923 | 150       | 41            |
| 20140130204953 | 150       | 41            |
| 20140130205023 | 150       | 41            |
| 20140130205038 | 150       | 41            |
| 20140130205109 | 150       | 41            |
| 20140130205124 | 150       | 41            |
| 20140130205154 | 150       | 41            |
| 20140130205239 | 150       | 41            |
| 20140130205325 | 150       | 41            |
| 20140130205340 | 150       | 41            |
| 20140130205410 | 150       | 41            |
| 20140130205425 | 150       | 41            |
| 20140130205455 | 150       | 41            |
| 20140130205541 | 150       | 41            |
| 20140130205626 | 150       | 41            |
| 20140130205641 | 140       | 42            |
| 20140130205656 | 140       | 42            |
| 20140130205741 | 140       | 42            |
| 20140130205827 | 140       | 42            |
| 20140130205912 | 140       | 42            |
| 20140130205957 | 140       | 42            |
| 20140130210043 | 140       | 42            |
| 20140130210128 | 140       | 42            |
| 20140130210213 | 140       | 42            |
| 20140130210259 | 140       | 42            |
| 20140130210344 | 140       | 42            |
| 20140130210359 | 140       | 42            |
| 20140130210429 | 140       | 42            |
| 20140130210444 | 140       | 42            |
| 20140130210515 | 140       | 42            |
| 20140130210530 | 150       | 41            |
| 20140130210615 | 140       | 42            |
| 20140130210700 | 150       | 41            |
| 20140130210746 | 140       | 42            |
| 20140130210831 | 140       | 42            |
| 20140130210916 | 140       | 42            |
| 20140130211032 | 140       | 42            |
| 20140130211047 | 140       | 42            |
| 20140130211102 | 140       | 42            |
| 20140130211534 | 140       | 42            |
| 20140130211620 | 140       | 42            |
| 20140130211705 | 140       | 42            |
| 20140130211750 | 140       | 42            |
| 20140130211836 | 140       | 42            |
| 20140130211851 | 140       | 42            |
| 20140130211921 | 140       | 42            |
| 20140130211936 | 140       | 42            |
| 20140130212006 | 140       | 42            |
| 20140130212052 | 140       | 42            |
| 20140130212152 | 140       | 42            |
| 20140130212222 | 140       | 42            |
| 20140130212237 | 140       | 42            |
| 20140130212308 | 140       | 42            |
| 20140130212323 | 140       | 42            |
| 20140130212353 | 140       | 42            |
| 20140130212454 | 150       | 41            |
| 20140130212509 | 150       | 41            |
| 20140130212539 | 150       | 41            |
| 20140130212624 | 150       | 41            |
| 20140130212709 | 150       | 41            |
| 20140130212724 | 150       | 41            |
| 20140130212755 | 150       | 41            |
| 20140130212810 | 150       | 41            |
| 20140130212840 | 150       | 41            |
| 20140130212855 | 150       | 41            |
| 20140130212926 | 150       | 41            |
| 20140130213011 | 150       | 41            |
| 20140130213026 | 150       | 41            |
| 20140130213056 | 150       | 41            |
| 20140130213111 | 150       | 41            |
| 20140130213142 | 150       | 41            |
| 20140130213156 | 150       | 41            |
| 20140130213257 | 150       | 41            |
| 20140130213342 | 150       | 41            |
| 20140130213427 | 150       | 41            |
| 20140130213513 | 150       | 41            |
| 20140130213558 | 150       | 41            |
| 20140130213643 | 150       | 41            |
| 20140130213729 | 150       | 41            |
| 20140130213915 | 150       | 41            |
| 20140130214000 | 150       | 41            |
| 20140130214045 | 150       | 41            |
| 20140130214131 | 150       | 41            |
| 20140130214216 | 150       | 41            |
| 20140130214301 | 150       | 41            |
| 20140130214332 | 150       | 41            |
| 20140130214417 | 150       | 41            |
| 20140130214502 | 150       | 41            |
| 20140130214517 | 150       | 41            |
| 20140130214547 | 150       | 41            |
| 20140130214603 | 150       | 41            |
| 20140130214748 | 150       | 41            |
| 20140130214834 | 150       | 41            |
| 20140130214919 | 150       | 41            |
| 20140130215004 | 150       | 41            |
| 20140130215050 | 150       | 41            |
| 20140130215135 | 150       | 41            |
| 20140130215220 | 150       | 41            |
| 20140130215306 | 140       | 42            |
| 20140130215321 | 140       | 42            |
| 20140130215351 | 140       | 42            |
| 20140130215406 | 140       | 42            |
| 20140130215436 | 140       | 42            |
| 20140130215522 | 140       | 42            |
| 20140130215537 | 140       | 42            |
| 20140130215607 | 140       | 42            |
| 20140130215622 | 140       | 42            |
| 20140130215708 | 140       | 42            |
| 20140130215753 | 140       | 42            |
| 20140130215838 | 140       | 42            |
| 20140130215924 | 140       | 42            |
| 20140130220009 | 140       | 42            |
| 20140130220054 | 140       | 42            |
| 20140130220109 | 140       | 42            |
| 20140130220139 | 140       | 42            |
| 20140130220154 | 140       | 42            |
| 20140130220225 | 140       | 42            |
| 20140130220240 | 140       | 42            |
| 20140130220310 | 140       | 42            |
| 20140130220356 | 140       | 42            |
| 20140130220441 | 140       | 42            |
| 20140130220456 | 140       | 42            |
| 20140130220526 | 140       | 42            |
| 20140130220541 | 140       | 42            |
| 20140130220612 | 140       | 42            |
| 20140130220657 | 140       | 42            |
| 20140130220742 | 140       | 42            |
| 20140130220757 | 140       | 42            |
| 20140130220812 | 140       | 42            |
| 20140130220858 | 140       | 42            |
| 20140130220943 | 140       | 42            |
| 20140130221028 | 140       | 42            |
| 20140130221516 | 150       | 41            |
| 20140130221546 | 150       | 41            |
| 20140130221601 | 150       | 41            |
| 20140130221631 | 150       | 41            |
| 20140130221646 | 150       | 41            |
| 20140130221717 | 150       | 41            |
| 20140130221802 | 150       | 41            |
| 20140130221902 | 150       | 41            |
| 20140130221933 | 150       | 41            |
| 20140130221948 | 150       | 41            |
| 20140130222018 | 150       | 41            |
| 20140130222103 | 150       | 41            |
| 20140130222148 | 150       | 41            |
| 20140130222203 | 150       | 41            |
| 20140130222219 | 150       | 41            |
| 20140130222304 | 150       | 41            |
| 20140130222349 | 150       | 41            |
| 20140130222435 | 150       | 41            |
| 20140130222520 | 150       | 41            |
| 20140130222605 | 150       | 41            |
| 20140130222651 | 150       | 41            |
| 20140130222736 | 150       | 41            |
| 20140130222821 | 150       | 41            |
| 20140130222907 | 150       | 41            |
| 20140130223007 | 150       | 41            |
| 20140130223053 | 150       | 41            |
| 20140130223138 | 150       | 41            |
| 20140130223223 | 150       | 41            |
| 20140130223309 | 150       | 41            |
| 20140130223354 | 150       | 41            |
| 20140130223424 | 150       | 41            |
| 20140130223439 | 150       | 41            |
| 20140130223555 | 150       | 41            |
| 20140130223625 | 150       | 41            |
| 20140130223655 | 140       | 42            |
| 20140130223740 | 140       | 42            |
| 20140130223826 | 140       | 42            |
| 20140130223841 | 140       | 42            |
| 20140130223911 | 140       | 42            |
| 20140130223926 | 140       | 42            |
| 20140130223956 | 140       | 42            |
| 20140130224012 | 140       | 42            |
| 20140130224042 | 140       | 42            |
| 20140130224127 | 140       | 42            |
| 20140130224142 | 140       | 42            |
| 20140130224212 | 140       | 42            |
| 20140130224228 | 140       | 42            |
| 20140130224258 | 140       | 42            |
| 20140130224313 | 140       | 42            |
| 20140130224845 | 140       | 42            |
| 20140130224931 | 140       | 42            |
| 20140130225016 | 140       | 42            |
| 20140130225031 | 140       | 42            |
| 20140130225102 | 140       | 42            |
| 20140130225117 | 140       | 42            |
| 20140130225147 | 140       | 42            |
| 20140130225232 | 140       | 42            |
| 20140130225247 | 140       | 42            |
| 20140130225317 | 140       | 42            |
| 20140130225332 | 140       | 42            |
| 20140130225403 | 140       | 42            |
| 20140130225418 | 140       | 42            |
| 20140130225448 | 140       | 42            |
| 20140130225534 | 140       | 42            |
| 20140130225619 | 140       | 42            |
| 20140130225634 | 140       | 42            |
| 20140130225704 | 140       | 42            |
| 20140130225719 | 140       | 42            |
| 20140130225820 | 140       | 42            |
| 20140130225905 | 140       | 42            |
| 20140130225950 | 140       | 42            |
| 20140130230036 | 140       | 42            |
| 20140130230121 | 140       | 42            |
| 20140130230437 | 140       | 42            |
| 20140130230523 | 150       | 41            |
| 20140130230608 | 150       | 41            |
| 20140130230638 | 150       | 41            |
| 20140130230724 | 150       | 41            |
| 20140130230739 | 150       | 41            |
| 20140130230809 | 150       | 41            |
| 20140130230824 | 150       | 41            |
| 20140130230854 | 150       | 41            |
| 20140130230940 | 150       | 41            |
| 20140130231025 | 150       | 41            |
| 20140130231040 | 150       | 41            |
| 20140130231110 | 150       | 41            |
| 20140130231126 | 150       | 41            |
| 20140130231211 | 150       | 41            |
| 20140130231256 | 150       | 41            |
| 20140130231311 | 150       | 41            |
| 20140130231342 | 150       | 41            |
| 20140130231357 | 150       | 41            |
| 20140130231427 | 150       | 41            |
| 20140130231512 | 150       | 41            |
| 20140130231613 | 150       | 41            |
| 20140130231643 | 150       | 41            |
| 20140130231658 | 150       | 41            |
| 20140130231728 | 150       | 41            |
| 20140130231814 | 150       | 41            |
| 20140130231844 | 150       | 41            |
| 20140130232100 | 150       | 41            |
| 20140130232145 | 150       | 41            |
| 20140130232230 | 150       | 41            |
| 20140130232316 | 150       | 41            |
| 20140130232401 | 150       | 41            |
| 20140130232446 | 150       | 41            |
| 20140130232532 | 150       | 41            |
| 20140130232617 | 150       | 41            |
| 20140130232702 | 140       | 42            |
| 20140130232717 | 140       | 42            |
| 20140130232748 | 140       | 42            |
| 20140130232803 | 140       | 42            |
| 20140130232833 | 140       | 42            |
| 20140130232918 | 140       | 42            |
| 20140130233004 | 140       | 42            |
| 20140130233019 | 140       | 42            |
| 20140130233049 | 140       | 42            |
| 20140130233134 | 140       | 42            |
| 20140130233149 | 140       | 42            |
| 20140130233219 | 140       | 42            |
| 20140130233250 | 140       | 42            |
| 20140130233335 | 140       | 42            |
| 20140130233938 | 140       | 42            |
| 20140130234023 | 140       | 42            |
| 20140130234108 | 140       | 42            |
| 20140130234124 | 140       | 42            |
| 20140130234154 | 140       | 42            |
| 20140130234209 | 140       | 42            |
| 20140130234239 | 140       | 42            |
| 20140130234324 | 140       | 42            |
| 20140130234410 | 140       | 42            |
| 20140130234425 | 140       | 42            |
| 20140130234455 | 140       | 42            |
| 20140130234510 | 140       | 42            |
| 20140130234540 | 140       | 42            |
| 20140130234556 | 140       | 42            |
| 20140130234626 | 140       | 42            |
| 20140130234711 | 140       | 42            |
| 20140130234741 | 140       | 42            |
| 20140130234812 | 140       | 42            |
| 20140130234857 | 140       | 42            |
| 20140130234942 | 140       | 42            |
| 20140130234957 | 140       | 42            |
| 20140130235028 | 140       | 42            |
| 20140130235043 | 140       | 42            |
| 20140130235113 | 140       | 42            |
| 20140130235128 | 140       | 42            |
| 20140130235159 | 140       | 42            |
| 20140130235244 | 140       | 42            |
| 20140130235329 | 150       | 41            |
| 20140130235344 | 150       | 41            |
| 20140130235414 | 150       | 41            |
| 20140130235429 | 150       | 41            |
| 20140130235530 | 150       | 41            |
| 20140130235615 | 150       | 41            |
| 20140130235701 | 150       | 41            |
| 20140130235746 | 150       | 41            |
| 20140130235831 | 150       | 41            |
| 20140130235917 | 150       | 41            |
| 20140130235947 | 150       | 41            |
| 20140131000002 | 150       | 41            |
| 20140131000032 | 150       | 41            |
| 20140131000118 | 150       | 41            |
| 20140131000148 | 150       | 41            |
| 20140131000218 | 150       | 41            |
| 20140131000233 | 150       | 41            |
| 20140131000303 | 150       | 41            |
| 20140131000349 | 150       | 41            |
| 20140131000404 | 150       | 41            |
| 20140131000434 | 150       | 41            |
| 20140131000449 | 150       | 41            |
| 20140131000519 | 150       | 41            |
| 20140131000534 | 150       | 41            |
| 20140131000605 | 150       | 41            |
| 20140131000650 | 150       | 41            |
| 20140131000735 | 150       | 41            |
| 20140131000750 | 150       | 41            |
| 20140131000836 | 150       | 41            |
| 20140131001152 | 150       | 41            |
| 20140131001237 | 150       | 41            |
| 20140131001323 | 150       | 41            |
| 20140131001408 | 150       | 41            |
| 20140131001453 | 140       | 42            |
| 20140131001539 | 140       | 42            |
| 20140131001554 | 140       | 42            |
| 20140131001624 | 140       | 42            |
| 20140131001639 | 140       | 42            |
| 20140131001709 | 140       | 42            |
| 20140131001755 | 140       | 42            |
| 20140131001840 | 140       | 42            |
| 20140131001855 | 140       | 42            |
| 20140131001925 | 140       | 42            |
| 20140131001941 | 140       | 42            |
| 20140131002011 | 140       | 42            |
| 20140131002111 | 140       | 42            |
| 20140131002157 | 140       | 42            |
| 20140131002242 | 140       | 42            |
| 20140131002327 | 140       | 42            |
| 20140131002413 | 140       | 42            |
| 20140131002428 | 140       | 42            |
| 20140131002458 | 140       | 42            |
| 20140131002513 | 140       | 42            |
| 20140131002543 | 140       | 42            |
| 20140131002629 | 140       | 42            |
| 20140131002729 | 140       | 42            |
| 20140131002759 | 140       | 42            |
| 20140131002814 | 140       | 42            |
| 20140131002845 | 140       | 42            |
| 20140131002900 | 140       | 42            |
| 20140131002930 | 140       | 42            |
| 20140131003000 | 140       | 42            |
| 20140131003046 | 140       | 42            |
| 20140131003131 | 140       | 42            |
| 20140131003216 | 140       | 42            |
| 20140131003302 | 140       | 42            |
| 20140131003332 | 140       | 42            |
| 20140131003347 | 140       | 42            |
| 20140131003417 | 140       | 42            |
| 20140131003433 | 140       | 42            |
| 20140131003503 | 140       | 42            |
| 20140131003548 | 140       | 42            |
| 20140131003603 | 140       | 42            |
| 20140131003633 | 140       | 42            |
| 20140131003649 | 140       | 42            |
| 20140131003734 | 140       | 42            |
| 20140131003819 | 140       | 42            |
| 20140131003834 | 140       | 42            |
| 20140131003905 | 140       | 42            |
| 20140131003920 | 140       | 42            |
| 20140131003950 | 140       | 42            |
| 20140131004035 | 140       | 42            |
| 20140131004121 | 140       | 42            |
| 20140131004136 | 140       | 42            |
| 20140131004206 | 140       | 42            |
| 20140131004221 | 150       | 41            |
| 20140131004251 | 150       | 41            |
| 20140131004306 | 150       | 41            |
| 20140131004337 | 150       | 41            |
| 20140131004407 | 150       | 41            |
| 20140131004452 | 150       | 41            |
| 20140131004537 | 150       | 41            |
| 20140131004623 | 150       | 41            |
| 20140131004708 | 150       | 41            |
| 20140131004753 | 150       | 41            |
| 20140131004839 | 150       | 41            |
| 20140131004924 | 150       | 41            |
| 20140131005009 | 150       | 41            |
| 20140131005055 | 150       | 41            |
| 20140131005140 | 150       | 41            |
| 20140131005225 | 150       | 41            |
| 20140131005241 | 150       | 41            |
| 20140131005326 | 150       | 41            |
| 20140131005411 | 150       | 41            |
| 20140131005457 | 150       | 41            |
| 20140131005542 | 150       | 41            |
| 20140131005627 | 150       | 41            |
| 20140131005657 | 150       | 41            |
| 20140131005713 | 150       | 41            |
| 20140131005758 | 150       | 41            |
| 20140131005828 | 150       | 41            |
| 20140131005858 | 150       | 41            |
| 20140131005929 | 150       | 41            |
| 20140131005944 | 150       | 41            |
| 20140131010014 | 150       | 41            |
| 20140131010059 | 150       | 41            |
| 20140131010114 | 150       | 41            |
| 20140131010145 | 150       | 41            |
| 20140131010200 | 150       | 41            |
| 20140131010230 | 150       | 41            |
| 20140131010245 | 150       | 41            |
| 20140131010316 | 150       | 41            |
| 20140131010401 | 150       | 41            |
| 20140131010446 | 150       | 41            |
| 20140131010501 | 140       | 42            |
| 20140131010547 | 140       | 42            |
| 20140131010632 | 140       | 42            |
| 20140131010647 | 140       | 42            |
| 20140131010717 | 140       | 42            |
| 20140131010733 | 140       | 42            |
| 20140131010803 | 140       | 42            |
| 20140131010818 | 140       | 42            |
| 20140131010848 | 140       | 42            |
| 20140131010933 | 140       | 42            |
| 20140131011019 | 140       | 42            |
| 20140131011034 | 140       | 42            |
| 20140131011104 | 140       | 42            |
| 20140131011119 | 140       | 42            |
| 20140131011205 | 140       | 42            |
| 20140131011250 | 140       | 42            |
| 20140131011305 | 140       | 42            |
| 20140131011335 | 140       | 42            |
| 20140131011350 | 140       | 42            |
| 20140131011421 | 140       | 42            |
| 20140131011506 | 140       | 42            |
| 20140131011551 | 140       | 42            |
| 20140131011606 | 140       | 42            |
| 20140131011637 | 140       | 42            |
| 20140131011652 | 140       | 42            |
| 20140131011722 | 140       | 42            |
| 20140131011808 | 140       | 42            |
| 20140131011853 | 140       | 42            |
| 20140131011908 | 140       | 42            |
| 20140131011938 | 140       | 42            |
| 20140131011953 | 140       | 42            |
| 20140131012054 | 140       | 42            |
| 20140131012139 | 140       | 42            |
| 20140131012224 | 140       | 42            |
| 20140131012355 | 140       | 42            |
| 20140131012440 | 140       | 42            |
| 20140131012712 | 140       | 42            |
| 20140131012757 | 140       | 42            |
| 20140131012842 | 140       | 42            |
| 20140131012927 | 140       | 42            |
| 20140131013043 | 140       | 42            |
| 20140131013058 | 140       | 42            |
| 20140131013128 | 150       | 41            |
| 20140131013144 | 150       | 41            |
| 20140131013214 | 150       | 41            |
| 20140131013259 | 150       | 41            |
| 20140131013314 | 150       | 41            |
| 20140131013344 | 150       | 41            |
| 20140131013400 | 150       | 41            |
| 20140131013445 | 150       | 41            |
| 20140131013530 | 150       | 41            |
| 20140131013545 | 150       | 41            |
| 20140131013615 | 150       | 41            |
| 20140131013631 | 150       | 41            |
| 20140131013701 | 150       | 41            |
| 20140131013746 | 150       | 41            |
| 20140131013831 | 150       | 41            |
| 20140131013847 | 150       | 41            |
| 20140131013932 | 150       | 41            |
| 20140131014017 | 150       | 41            |
| 20140131014102 | 150       | 41            |
| 20140131014118 | 150       | 41            |
| 20140131014148 | 150       | 41            |
| 20140131014203 | 150       | 41            |
| 20140131014233 | 150       | 41            |
| 20140131014319 | 150       | 41            |
| 20140131014419 | 150       | 41            |
| 20140131014505 | 150       | 41            |
| 20140131014550 | 150       | 41            |
| 20140131014635 | 150       | 41            |
| 20140131014721 | 150       | 41            |
| 20140131014806 | 150       | 41            |
| 20140131014851 | 150       | 41            |
| 20140131014937 | 150       | 41            |
| 20140131014952 | 150       | 41            |
| 20140131015022 | 150       | 41            |
| 20140131015037 | 150       | 41            |
| 20140131015107 | 140       | 42            |
| 20140131015122 | 150       | 41            |
| 20140131015153 | 150       | 41            |
| 20140131015238 | 150       | 41            |
| 20140131015323 | 140       | 42            |
| 20140131015339 | 140       | 42            |
| 20140131015409 | 140       | 42            |
| 20140131015424 | 140       | 42            |
| 20140131015454 | 140       | 42            |
| 20140131015540 | 140       | 42            |
| 20140131015610 | 140       | 42            |
| 20140131015655 | 140       | 42            |
| 20140131020258 | 140       | 42            |
| 20140131020343 | 140       | 42            |
| 20140131020358 | 140       | 42            |
| 20140131020428 | 140       | 42            |
| 20140131020444 | 140       | 42            |
| 20140131020514 | 140       | 42            |
| 20140131020529 | 140       | 42            |
| 20140131020559 | 140       | 42            |
| 20140131020644 | 140       | 42            |
| 20140131020730 | 140       | 42            |
| 20140131020745 | 140       | 42            |
| 20140131020815 | 140       | 42            |
| 20140131020830 | 140       | 42            |
| 20140131020900 | 140       | 42            |
| 20140131020946 | 140       | 42            |
| 20140131021016 | 140       | 42            |
| 20140131021046 | 140       | 42            |
| 20140131021101 | 140       | 42            |
| 20140131021132 | 140       | 42            |
| 20140131021232 | 140       | 42            |
| 20140131021317 | 140       | 42            |
| 20140131021403 | 140       | 41            |
| 20140131021448 | 140       | 42            |
| 20140131021719 | 140       | 42            |
| 20140131021804 | 140       | 42            |
| 20140131021850 | 140       | 42            |
| 20140131021935 | 150       | 41            |
| 20140131022020 | 150       | 41            |
| 20140131022106 | 150       | 41            |
| 20140131022136 | 150       | 41            |
| 20140131022151 | 150       | 41            |
| 20140131022221 | 150       | 41            |
| 20140131022236 | 150       | 41            |
| 20140131022307 | 150       | 41            |
| 20140131022322 | 150       | 41            |
| 20140131022352 | 150       | 41            |
| 20140131022422 | 150       | 41            |
| 20140131022452 | 150       | 41            |
| 20140131022507 | 150       | 41            |
| 20140131022538 | 150       | 41            |
| 20140131022623 | 150       | 41            |
| 20140131022708 | 150       | 41            |
| 20140131022723 | 150       | 41            |
| 20140131022754 | 150       | 41            |
| 20140131022809 | 150       | 41            |
| 20140131022839 | 150       | 41            |
| 20140131022854 | 150       | 41            |
| 20140131022924 | 150       | 41            |
| 20140131023010 | 150       | 41            |
| 20140131023025 | 150       | 41            |
| 20140131023055 | 150       | 41            |
| 20140131023110 | 150       | 41            |
| 20140131023512 | 150       | 41            |
| 20140131023557 | 150       | 41            |
| 20140131023642 | 150       | 41            |
| 20140131023728 | 150       | 41            |
| 20140131023813 | 150       | 41            |
| 20140131023828 | 150       | 41            |
| 20140131023858 | 150       | 41            |
| 20140131023913 | 150       | 41            |
| 20140131023944 | 150       | 41            |
| 20140131024029 | 140       | 42            |
| 20140131024114 | 140       | 41            |
| 20140131024129 | 140       | 42            |
| 20140131024200 | 140       | 41            |
| 20140131024215 | 140       | 42            |
| 20140131024245 | 140       | 42            |
| 20140131024300 | 140       | 42            |
| 20140131024330 | 140       | 42            |
| 20140131024431 | 140       | 41            |
| 20140131024516 | 140       | 41            |
| 20140131024702 | 140       | 41            |
| 20140131024747 | 140       | 41            |
| 20140131024833 | 140       | 42            |
| 20140131025234 | 140       | 41            |
| 20140131025320 | 140       | 41            |
| 20140131025350 | 140       | 41            |
| 20140131025405 | 140       | 41            |
| 20140131025435 | 140       | 41            |
| 20140131025536 | 140       | 41            |
| 20140131025606 | 140       | 41            |
| 20140131025621 | 140       | 41            |
| 20140131025651 | 140       | 41            |
| 20140131025706 | 140       | 41            |
| 20140131025736 | 140       | 41            |
| 20140131025822 | 140       | 41            |
| 20140131025907 | 140       | 41            |
| 20140131025922 | 140       | 41            |
| 20140131030007 | 140       | 41            |
| 20140131030053 | 140       | 41            |
| 20140131030108 | 140       | 41            |
| 20140131030138 | 140       | 42            |
| 20140131030153 | 140       | 41            |
| 20140131030224 | 140       | 42            |
| 20140131030239 | 140       | 41            |
| 20140131030309 | 140       | 41            |
| 20140131030354 | 140       | 42            |
| 20140131030440 | 140       | 41            |
| 20140131030455 | 140       | 42            |
| 20140131030525 | 140       | 42            |
| 20140131030540 | 140       | 42            |
| 20140131030610 | 150       | 41            |
| 20140131030640 | 150       | 41            |
| 20140131030656 | 150       | 41            |
| 20140131030726 | 150       | 41            |
| 20140131030811 | 150       | 41            |
| 20140131030856 | 150       | 41            |
| 20140131030942 | 150       | 41            |
| 20140131031027 | 150       | 41            |
| 20140131031112 | 150       | 41            |
| 20140131031158 | 150       | 41            |
| 20140131031243 | 150       | 41            |
| 20140131031344 | 150       | 41            |
| 20140131031414 | 150       | 41            |
| 20140131031514 | 150       | 41            |
| 20140131031544 | 150       | 41            |
| 20140131031559 | 150       | 41            |
| 20140131031630 | 150       | 41            |
| 20140131031645 | 150       | 41            |
| 20140131031730 | 150       | 41            |
| 20140131031815 | 150       | 41            |
| 20140131031901 | 150       | 41            |
| 20140131031946 | 150       | 41            |
| 20140131032649 | 150       | 40            |
| 20140131032735 | 150       | 40            |
| 20140131032750 | 150       | 40            |
| 20140131032820 | 140       | 41            |
| 20140131032905 | 140       | 41            |
| 20140131032950 | 140       | 41            |
| 20140131033006 | 140       | 41            |
| 20140131033036 | 140       | 41            |
| 20140131033051 | 140       | 41            |
| 20140131033121 | 140       | 41            |
| 20140131033206 | 140       | 41            |
| 20140131033252 | 140       | 41            |
| 20140131033307 | 140       | 41            |
| 20140131033337 | 140       | 41            |
| 20140131033352 | 140       | 41            |
| 20140131033422 | 140       | 41            |
| 20140131033437 | 140       | 41            |
| 20140131033523 | 140       | 41            |
| 20140131033538 | 140       | 41            |
| 20140131033608 | 140       | 41            |
| 20140131033623 | 140       | 41            |
| 20140131033653 | 140       | 41            |
| 20140131033739 | 140       | 41            |
| 20140131033824 | 140       | 41            |
| 20140131033839 | 140       | 41            |
| 20140131033909 | 140       | 41            |
| 20140131033924 | 140       | 41            |
| 20140131033955 | 140       | 41            |
| 20140131034025 | 140       | 41            |
| 20140131034040 | 140       | 41            |
| 20140131034125 | 140       | 41            |
| 20140131034140 | 140       | 41            |
| 20140131034155 | 140       | 41            |
| 20140131034241 | 140       | 41            |
| 20140131034326 | 140       | 41            |
| 20140131034411 | 140       | 41            |
| 20140131034457 | 140       | 41            |
| 20140131034542 | 140       | 41            |
| 20140131034627 | 140       | 41            |
| 20140131034713 | 140       | 41            |
| 20140131034758 | 140       | 41            |
| 20140131034843 | 140       | 41            |
| 20140131034944 | 140       | 41            |
| 20140131035029 | 150       | 41            |
| 20140131035114 | 150       | 41            |
| 20140131035200 | 150       | 41            |
| 20140131035245 | 150       | 41            |
| 20140131035330 | 150       | 41            |
| 20140131035416 | 150       | 41            |
| 20140131035446 | 150       | 41            |
| 20140131035531 | 150       | 41            |
| 20140131035546 | 150       | 41            |
| 20140131035601 | 150       | 41            |
| 20140131035903 | 150       | 41            |
| 20140131035948 | 150       | 41            |
| 20140131040033 | 150       | 41            |
| 20140131040118 | 150       | 41            |
| 20140131040204 | 150       | 41            |
| 20140131040249 | 150       | 41            |
| 20140131040334 | 150       | 41            |
| 20140131040350 | 150       | 41            |
| 20140131040420 | 150       | 41            |
| 20140131040435 | 150       | 41            |
| 20140131040505 | 150       | 41            |
| 20140131040550 | 150       | 41            |
| 20140131040636 | 150       | 41            |
| 20140131040651 | 150       | 41            |
| 20140131040721 | 150       | 41            |
| 20140131040736 | 150       | 40            |
| 20140131040822 | 150       | 40            |
| 20140131040907 | 150       | 40            |
| 20140131040952 | 150       | 40            |
| 20140131041007 | 150       | 41            |
| 20140131041123 | 150       | 40            |
| 20140131041208 | 150       | 41            |
| 20140131041223 | 140       | 41            |
| 20140131041253 | 150       | 40            |
| 20140131041308 | 140       | 41            |
| 20140131041339 | 140       | 41            |
| 20140131041354 | 140       | 41            |
| 20140131041424 | 150       | 40            |
| 20140131041509 | 150       | 40            |
| 20140131041555 | 140       | 41            |
| 20140131041610 | 140       | 41            |
| 20140131041640 | 140       | 41            |
| 20140131041655 | 140       | 41            |
| 20140131041755 | 140       | 41            |
| 20140131041841 | 140       | 41            |
| 20140131041926 | 140       | 41            |
| 20140131042011 | 140       | 41            |
| 20140131042057 | 140       | 41            |
| 20140131042142 | 140       | 41            |
| 20140131042413 | 140       | 41            |
| 20140131042459 | 140       | 41            |
| 20140131042544 | 140       | 41            |
| 20140131042629 | 140       | 41            |
| 20140131042659 | 140       | 41            |
| 20140131042715 | 140       | 41            |
| 20140131042745 | 140       | 41            |
| 20140131042800 | 140       | 41            |
| 20140131042830 | 140       | 41            |
| 20140131042915 | 140       | 41            |
| 20140131043001 | 140       | 41            |
| 20140131043016 | 140       | 41            |
| 20140131043046 | 140       | 41            |
| 20140131043101 | 140       | 41            |
| 20140131043247 | 140       | 41            |
| 20140131043332 | 140       | 41            |
| 20140131043417 | 140       | 41            |
| 20140131043503 | 140       | 41            |
| 20140131043548 | 140       | 41            |
| 20140131043633 | 140       | 41            |
| 20140131043719 | 140       | 41            |
| 20140131043804 | 140       | 41            |
| 20140131043819 | 140       | 41            |
| 20140131043849 | 140       | 41            |
| 20140131043905 | 140       | 42            |
| 20140131043935 | 140       | 42            |
| 20140131044020 | 150       | 41            |
| 20140131044121 | 150       | 41            |
| 20140131044206 | 150       | 41            |
| 20140131044251 | 150       | 41            |
| 20140131044336 | 150       | 41            |
| 20140131044422 | 160       | 41            |
| 20140131044452 | 150       | 41            |
| 20140131044507 | 150       | 41            |
| 20140131044552 | 150       | 41            |
| 20140131044607 | 150       | 41            |
| 20140131044638 | 150       | 41            |
| 20140131044653 | 150       | 41            |
| 20140131044723 | 150       | 41            |
| 20140131044738 | 150       | 41            |
| 20140131044808 | 150       | 41            |
| 20140131044854 | 150       | 41            |
| 20140131044954 | 150       | 41            |
| 20140131045024 | 150       | 41            |
| 20140131045039 | 150       | 41            |
| 20140131045109 | 150       | 41            |
| 20140131045155 | 150       | 41            |
| 20140131045225 | 150       | 41            |
| 20140131045310 | 150       | 41            |
| 20140131045355 | 150       | 41            |
| 20140131045441 | 150       | 41            |
| 20140131045928 | 150       | 40            |
| 20140131045958 | 150       | 40            |
| 20140131050043 | 150       | 40            |
| 20140131050059 | 150       | 40            |
| 20140131050129 | 150       | 40            |
| 20140131050144 | 140       | 41            |
| 20140131050214 | 140       | 41            |
| 20140131050259 | 140       | 41            |
| 20140131050345 | 140       | 41            |
| 20140131050400 | 140       | 41            |
| 20140131050430 | 140       | 41            |
| 20140131050445 | 140       | 41            |
| 20140131050515 | 140       | 41            |
| 20140131050600 | 140       | 41            |
| 20140131050701 | 140       | 41            |
| 20140131050716 | 140       | 41            |
| 20140131050746 | 140       | 41            |
| 20140131050846 | 140       | 41            |
| 20140131050932 | 140       | 41            |
| 20140131051017 | 140       | 41            |
| 20140131051102 | 140       | 41            |
| 20140131051148 | 140       | 41            |
| 20140131051233 | 140       | 41            |
| 20140131051318 | 140       | 41            |
| 20140131051419 | 140       | 41            |
| 20140131051504 | 140       | 41            |
| 20140131051550 | 140       | 41            |
| 20140131051635 | 140       | 41            |
| 20140131051720 | 140       | 41            |
| 20140131051806 | 140       | 41            |
| 20140131051836 | 140       | 41            |
| 20140131051851 | 140       | 41            |
| 20140131051921 | 140       | 41            |
| 20140131051936 | 140       | 41            |
| 20140131052007 | 140       | 41            |
| 20140131052037 | 140       | 41            |
| 20140131052107 | 140       | 41            |
| 20140131052122 | 140       | 41            |
| 20140131052152 | 140       | 41            |
| 20140131052238 | 140       | 41            |
| 20140131052323 | 140       | 41            |
| 20140131052338 | 140       | 41            |
| 20140131052408 | 140       | 41            |
| 20140131052423 | 140       | 41            |
| 20140131052453 | 140       | 41            |
| 20140131052509 | 140       | 41            |
| 20140131052539 | 140       | 41            |
| 20140131052624 | 140       | 41            |
| 20140131052639 | 150       | 40            |
| 20140131052709 | 150       | 40            |
| 20140131052725 | 150       | 41            |
| 20140131053257 | 150       | 41            |
| 20140131053342 | 150       | 41            |
| 20140131053427 | 150       | 41            |
| 20140131053442 | 150       | 41            |
| 20140131053513 | 150       | 41            |
| 20140131053528 | 150       | 40            |
| 20140131053558 | 150       | 40            |
| 20140131053643 | 150       | 40            |
| 20140131053729 | 150       | 40            |
| 20140131053744 | 150       | 40            |
| 20140131053814 | 150       | 40            |
| 20140131053829 | 150       | 40            |
| 20140131053859 | 150       | 40            |
| 20140131053914 | 150       | 40            |
| 20140131053945 | 150       | 40            |
| 20140131054030 | 150       | 40            |
| 20140131054045 | 150       | 40            |
| 20140131054115 | 150       | 40            |
| 20140131054130 | 150       | 40            |
| 20140131054216 | 150       | 40            |
| 20140131054301 | 150       | 41            |
| 20140131054316 | 150       | 41            |
| 20140131054346 | 150       | 40            |
| 20140131054401 | 150       | 41            |
| 20140131054447 | 150       | 41            |
| 20140131054532 | 150       | 41            |
| 20140131054849 | 160       | 41            |
| 20140131054934 | 160       | 41            |
| 20140131055019 | 160       | 41            |
| 20140131055105 | 160       | 41            |
| 20140131055135 | 160       | 41            |
| 20140131055150 | 160       | 41            |
| 20140131055220 | 160       | 41            |
| 20140131055235 | 160       | 41            |
| 20140131055305 | 160       | 41            |
| 20140131055320 | 160       | 41            |
| 20140131055351 | 160       | 41            |
| 20140131055436 | 160       | 41            |
| 20140131055506 | 160       | 41            |
| 20140131055536 | 160       | 41            |
| 20140131055622 | 160       | 41            |
| 20140131055707 | 160       | 41            |
| 20140131055722 | 160       | 41            |
| 20140131055752 | 160       | 41            |
| 20140131055807 | 160       | 41            |
| 20140131055838 | 160       | 41            |
| 20140131055853 | 160       | 41            |
| 20140131055923 | 160       | 41            |
| 20140131060008 | 170       | 40            |
| 20140131060053 | 170       | 40            |
| 20140131060108 | 170       | 40            |
| 20140131060139 | 170       | 40            |
| 20140131060154 | 170       | 40            |
| 20140131060254 | 170       | 40            |
| 20140131060555 | 170       | 40            |
| 20140131060641 | 170       | 40            |
| 20140131060726 | 170       | 40            |
| 20140131060811 | 170       | 40            |
| 20140131060857 | 170       | 40            |
| 20140131060942 | 170       | 40            |
| 20140131060957 | 170       | 40            |
| 20140131061027 | 170       | 40            |
| 20140131061113 | 170       | 40            |
| 20140131061128 | 170       | 40            |
| 20140131061158 | 170       | 40            |
| 20140131061213 | 170       | 40            |
| 20140131061243 | 160       | 41            |
| 20140131061258 | 160       | 41            |
| 20140131061329 | 160       | 41            |
| 20140131061414 | 160       | 41            |
| 20140131061515 | 160       | 41            |
| 20140131061600 | 160       | 41            |
| 20140131061645 | 160       | 41            |
| 20140131061700 | 160       | 41            |
| 20140131061730 | 160       | 41            |
| 20140131061746 | 160       | 41            |
| 20140131061816 | 160       | 41            |
| 20140131061831 | 160       | 41            |
| 20140131061901 | 160       | 41            |
| 20140131062403 | 160       | 41            |
| 20140131062434 | 170       | 40            |
| 20140131062519 | 170       | 40            |
| 20140131062604 | 170       | 40            |
| 20140131062619 | 170       | 40            |
| 20140131062649 | 170       | 40            |
| 20140131062705 | 170       | 40            |
| 20140131062735 | 170       | 40            |
| 20140131062820 | 170       | 40            |
| 20140131062905 | 170       | 40            |
| 20140131062920 | 170       | 40            |
| 20140131062951 | 180       | 40            |
| 20140131063006 | 180       | 41            |
| 20140131063036 | 180       | 41            |
| 20140131063106 | 180       | 41            |
| 20140131063136 | 180       | 41            |
| 20140131063151 | 180       | 41            |
| 20140131063222 | 180       | 41            |
| 20140131063237 | 180       | 41            |
| 20140131063307 | 180       | 41            |
| 20140131063352 | 170       | 41            |
| 20140131063438 | 170       | 41            |
| 20140131063453 | 170       | 41            |
| 20140131063523 | 170       | 41            |
| 20140131063538 | 170       | 41            |
| 20140131063608 | 170       | 41            |
| 20140131063654 | 170       | 41            |
| 20140131063809 | 170       | 41            |
| 20140131063854 | 170       | 41            |
| 20140131063924 | 170       | 41            |
| 20140131064025 | 170       | 41            |
| 20140131064110 | 170       | 41            |
| 20140131064156 | 170       | 41            |
| 20140131064241 | 160       | 42            |
| 20140131064326 | 160       | 42            |
| 20140131064411 | 160       | 42            |
| 20140131064457 | 160       | 42            |
| 20140131064542 | 160       | 42            |
| 20140131064557 | 160       | 42            |
| 20140131064627 | 160       | 42            |
| 20140131064643 | 160       | 42            |
| 20140131064728 | 160       | 42            |
| 20140131064813 | 160       | 42            |
| 20140131064859 | 160       | 42            |
| 20140131064944 | 160       | 42            |
| 20140131065029 | 160       | 42            |
| 20140131065115 | 160       | 42            |
| 20140131065215 | 160       | 42            |
| 20140131065245 | 160       | 42            |
| 20140131065331 | 160       | 42            |
| 20140131065416 | 160       | 42            |
| 20140131065431 | 160       | 42            |
| 20140131065501 | 160       | 42            |
| 20140131065516 | 170       | 41            |
| 20140131065647 | 170       | 41            |
| 20140131065732 | 170       | 41            |
| 20140131065817 | 170       | 41            |
| 20140131065903 | 170       | 41            |
| 20140131065948 | 170       | 41            |
| 20140131070003 | 170       | 41            |
| 20140131070033 | 170       | 41            |
| 20140131070049 | 170       | 41            |
| 20140131070119 | 170       | 41            |
| 20140131070204 | 170       | 41            |
| 20140131070249 | 170       | 41            |
| 20140131070304 | 170       | 41            |
| 20140131070335 | 170       | 41            |
| 20140131070350 | 170       | 41            |
| 20140131070420 | 170       | 41            |
| 20140131070435 | 170       | 41            |
| 20140131070505 | 170       | 41            |
| 20140131070535 | 170       | 41            |
| 20140131070606 | 170       | 41            |
| 20140131070621 | 170       | 41            |
| 20140131070651 | 170       | 41            |
| 20140131070736 | 170       | 41            |
| 20140131070822 | 170       | 41            |
| 20140131070837 | 170       | 41            |
| 20140131070907 | 170       | 41            |
| 20140131070922 | 170       | 40            |
| 20140131070952 | 170       | 41            |
| 20140131071007 | 170       | 41            |
| 20140131071038 | 170       | 41            |
| 20140131071123 | 170       | 41            |
| 20140131071138 | 170       | 41            |
| 20140131071208 | 160       | 42            |
| 20140131071223 | 160       | 42            |
| 20140131071324 | 160       | 42            |
| 20140131071409 | 170       | 41            |
| 20140131071455 | 160       | 42            |
| 20140131071540 | 170       | 41            |
| 20140131071625 | 170       | 41            |
| 20140131071710 | 170       | 41            |
| 20140131071756 | 170       | 41            |
| 20140131071841 | 170       | 41            |
| 20140131071926 | 170       | 41            |
| 20140131071942 | 170       | 42            |
| 20140131072027 | 170       | 42            |
| 20140131072112 | 180       | 42            |
| 20140131072157 | 180       | 42            |
| 20140131072243 | 180       | 42            |
| 20140131072328 | 180       | 43            |
| 20140131072413 | 180       | 43            |
| 20140131072444 | 180       | 43            |
| 20140131072529 | 180       | 43            |
| 20140131072614 | 180       | 43            |
| 20140131072629 | 180       | 44            |
| 20140131072715 | 180       | 44            |
| 20140131072800 | 180       | 44            |
| 20140131072815 | 170       | 44            |
| 20140131072845 | 180       | 45            |
| 20140131072900 | 170       | 45            |
| 20140131072931 | 170       | 45            |
| 20140131072946 | 170       | 45            |
| 20140131073016 | 170       | 46            |
| 20140131073101 | 170       | 46            |
| 20140131073116 | 170       | 46            |
| 20140131073202 | 170       | 47            |
| 20140131073247 | 170       | 47            |
| 20140131073332 | 170       | 47            |
| 20140131073347 | 170       | 48            |
| 20140131073417 | 170       | 48            |
| 20140131073433 | 170       | 48            |
| 20140131073503 | 170       | 48            |
| 20140131073518 | 170       | 48            |
| 20140131073548 | 170       | 48            |
| 20140131073649 | 170       | 49            |
| 20140131073719 | 170       | 49            |
| 20140131073734 | 170       | 50            |
| 20140131073804 | 170       | 50            |
| 20140131073819 | 170       | 50            |
| 20140131073905 | 170       | 50            |
| 20140131073950 | 170       | 51            |
| 20140131074035 | 170       | 51            |
| 20140131074050 | 170       | 51            |
| 20140131074121 | 170       | 51            |
| 20140131074206 | 170       | 51            |
| 20140131074221 | 170       | 51            |
| 20140131074251 | 170       | 50            |
| 20140131074306 | 170       | 50            |
| 20140131074336 | 170       | 50            |
| 20140131074351 | 170       | 50            |
| 20140131074422 | 170       | 50            |
| 20140131074507 | 170       | 50            |
| 20140131074552 | 170       | 50            |
| 20140131074607 | 170       | 50            |
| 20140131074638 | 170       | 50            |
| 20140131074653 | 170       | 50            |
| 20140131074723 | 160       | 51            |
| 20140131074753 | 160       | 51            |
| 20140131074838 | 160       | 51            |
| 20140131074924 | 160       | 51            |
| 20140131075009 | 160       | 51            |
| 20140131075054 | 160       | 51            |
| 20140131075140 | 160       | 51            |
| 20140131075225 | 160       | 51            |
| 20140131075441 | 170       | 50            |
| 20140131075456 | 170       | 50            |
| 20140131075541 | 170       | 50            |
| 20140131075627 | 170       | 50            |
| 20140131075712 | 170       | 50            |
| 20140131075742 | 170       | 50            |
| 20140131075757 | 170       | 50            |
| 20140131075827 | 170       | 50            |
| 20140131075913 | 170       | 49            |
| 20140131075958 | 170       | 49            |
| 20140131080013 | 170       | 49            |
| 20140131080043 | 170       | 49            |
| 20140131080059 | 180       | 48            |
| 20140131080129 | 180       | 48            |
| 20140131080159 | 180       | 48            |
| 20140131080229 | 170       | 48            |
| 20140131080244 | 170       | 47            |
| 20140131080314 | 170       | 47            |
| 20140131080330 | 170       | 47            |
| 20140131080400 | 170       | 47            |
| 20140131080445 | 170       | 47            |
| 20140131080530 | 170       | 47            |
| 20140131080546 | 170       | 47            |
| 20140131080616 | 170       | 47            |
| 20140131080631 | 170       | 47            |
| 20140131080701 | 170       | 47            |
| 20140131080847 | 170       | 47            |
| 20140131080902 | 170       | 47            |
| 20140131080932 | 170       | 47            |
| 20140131081017 | 170       | 47            |
| 20140131081103 | 170       | 47            |
| 20140131081118 | 170       | 47            |
| 20140131081203 | 170       | 47            |
| 20140131081248 | 170       | 47            |
| 20140131081334 | 160       | 48            |
| 20140131081419 | 160       | 48            |
| 20140131081504 | 160       | 48            |
| 20140131081550 | 160       | 48            |
| 20140131081635 | 160       | 48            |
| 20140131081650 | 160       | 48            |
| 20140131081720 | 160       | 48            |
| 20140131081735 | 160       | 48            |
| 20140131081806 | 160       | 48            |
| 20140131081851 | 160       | 48            |
| 20140131081936 | 160       | 48            |
| 20140131081951 | 160       | 48            |
| 20140131082022 | 160       | 48            |
| 20140131082037 | 170       | 47            |
| 20140131082107 | 170       | 47            |
| 20140131082152 | 170       | 47            |
| 20140131082238 | 170       | 47            |
| 20140131082253 | 170       | 47            |
| 20140131082308 | 170       | 46            |
| 20140131082353 | 170       | 46            |
| 20140131082438 | 170       | 46            |
| 20140131083011 | 170       | 46            |
| 20140131083041 | 170       | 46            |
| 20140131083056 | 170       | 46            |
| 20140131083126 | 170       | 46            |
| 20140131083141 | 170       | 46            |
| 20140131083212 | 170       | 46            |
| 20140131083257 | 170       | 46            |
| 20140131083342 | 170       | 46            |
| 20140131083357 | 170       | 46            |
| 20140131083427 | 170       | 46            |
| 20140131083443 | 170       | 45            |
| 20140131083513 | 170       | 45            |
| 20140131083528 | 170       | 45            |
| 20140131083558 | 170       | 45            |
| 20140131083643 | 170       | 44            |
| 20140131083659 | 170       | 44            |
| 20140131083714 | 170       | 44            |
| 20140131083744 | 170       | 44            |
| 20140131083829 | 170       | 44            |
| 20140131083915 | 170       | 44            |
| 20140131083930 | 170       | 44            |
| 20140131084000 | 170       | 44            |
| 20140131084015 | 170       | 44            |
| 20140131084045 | 170       | 44            |
| 20140131084131 | 160       | 45            |
| 20140131084216 | 160       | 45            |
| 20140131084231 | 160       | 45            |
| 20140131084301 | 160       | 45            |
| 20140131084316 | 160       | 45            |
| 20140131084346 | 160       | 45            |
| 20140131084401 | 160       | 45            |
| 20140131084502 | 160       | 45            |
| 20140131084547 | 160       | 45            |
| 20140131084633 | 160       | 45            |
| 20140131084718 | 160       | 45            |
| 20140131084803 | 160       | 45            |
| 20140131084848 | 160       | 45            |
| 20140131084919 | 160       | 45            |
| 20140131084934 | 160       | 45            |
| 20140131085049 | 160       | 44            |
| 20140131085119 | 160       | 44            |
| 20140131085150 | 160       | 44            |
| 20140131085235 | 160       | 44            |
| 20140131085320 | 160       | 44            |
| 20140131085335 | 160       | 44            |
| 20140131085406 | 160       | 44            |
| 20140131085421 | 160       | 44            |
| 20140131085451 | 160       | 44            |
| 20140131085506 | 160       | 44            |
| 20140131085536 | 160       | 44            |
| 20140131085622 | 160       | 44            |
| 20140131085637 | 160       | 44            |
| 20140131085707 | 160       | 44            |
| 20140131085722 | 160       | 44            |
| 20140131085752 | 160       | 44            |
| 20140131085807 | 160       | 44            |
| 20140131090340 | 160       | 44            |
| 20140131090425 | 160       | 44            |
| 20140131090510 | 160       | 44            |
| 20140131090525 | 160       | 44            |
| 20140131090556 | 160       | 44            |
| 20140131090641 | 160       | 44            |
| 20140131090726 | 160       | 44            |
| 20140131090741 | 160       | 44            |
| 20140131090812 | 160       | 44            |
| 20140131090827 | 160       | 44            |
| 20140131090857 | 160       | 44            |
| 20140131090912 | 160       | 44            |
| 20140131090942 | 160       | 44            |
| 20140131091027 | 160       | 44            |
| 20140131091128 | 160       | 44            |
| 20140131091158 | 160       | 44            |
| 20140131091213 | 160       | 44            |
| 20140131091259 | 160       | 44            |
| 20140131091314 | 160       | 44            |
| 20140131091344 | 160       | 44            |
| 20140131091359 | 160       | 44            |
| 20140131091429 | 160       | 44            |
| 20140131091445 | 160       | 44            |
| 20140131091515 | 160       | 44            |
| 20140131091600 | 160       | 44            |
| 20140131091645 | 160       | 44            |
| 20140131091700 | 160       | 44            |
| 20140131091731 | 160       | 44            |
| 20140131091746 | 150       | 44            |
| 20140131091816 | 150       | 44            |
| 20140131091901 | 150       | 44            |
| 20140131091932 | 150       | 44            |
| 20140131092017 | 150       | 44            |
| 20140131092102 | 150       | 44            |
| 20140131092147 | 150       | 44            |
| 20140131092218 | 150       | 44            |
| 20140131092233 | 150       | 44            |
| 20140131092303 | 150       | 44            |
| 20140131092318 | 150       | 44            |
| 20140131092348 | 150       | 44            |
| 20140131092434 | 150       | 44            |
| 20140131092519 | 150       | 44            |
| 20140131092534 | 150       | 44            |
| 20140131092604 | 150       | 44            |
| 20140131092619 | 150       | 44            |
| 20140131092705 | 150       | 44            |
| 20140131092720 | 150       | 44            |
| 20140131092750 | 150       | 44            |
| 20140131092805 | 150       | 44            |
| 20140131092835 | 150       | 44            |
| 20140131092851 | 150       | 44            |
| 20140131092921 | 150       | 44            |
| 20140131093006 | 150       | 46            |
| 20140131093106 | 150       | 47            |
| 20140131093137 | 150       | 47            |
| 20140131093152 | 160       | 47            |
| 20140131093222 | 160       | 48            |
| 20140131093307 | 160       | 48            |
| 20140131093337 | 160       | 49            |
| 20140131093553 | 160       | 51            |
| 20140131093639 | 160       | 52            |
| 20140131093724 | 160       | 52            |
| 20140131093809 | 160       | 53            |
| 20140131093855 | 170       | 52            |
| 20140131093940 | 170       | 53            |
| 20140131094025 | 170       | 52            |
| 20140131094110 | 170       | 52            |
| 20140131094156 | 160       | 52            |
| 20140131094211 | 160       | 52            |
| 20140131094241 | 160       | 51            |
| 20140131094256 | 160       | 51            |
| 20140131094326 | 160       | 51            |
| 20140131094412 | 170       | 49            |
| 20140131094512 | 170       | 49            |
| 20140131094557 | 170       | 49            |
| 20140131094627 | 170       | 48            |
| 20140131094728 | 180       | 47            |
| 20140131094743 | 170       | 47            |
| 20140131094813 | 170       | 47            |
| 20140131094828 | 170       | 46            |
| 20140131094859 | 170       | 46            |
| 20140131094944 | 170       | 46            |
| 20140131095029 | 170       | 46            |
| 20140131095044 | 170       | 46            |
| 20140131095114 | 170       | 46            |
| 20140131095129 | 170       | 46            |
| 20140131095200 | 170       | 46            |
| 20140131095245 | 170       | 46            |
| 20140131095330 | 170       | 46            |
| 20140131095346 | 170       | 46            |
| 20140131095401 | 170       | 46            |
| 20140131095446 | 170       | 46            |
| 20140131095531 | 170       | 46            |
| 20140131095617 | 170       | 46            |
| 20140131095647 | 170       | 46            |
| 20140131095702 | 170       | 46            |
| 20140131095732 | 170       | 46            |
| 20140131095817 | 160       | 46            |
| 20140131095903 | 160       | 47            |
| 20140131095918 | 160       | 47            |
| 20140131095948 | 160       | 47            |
| 20140131100003 | 160       | 47            |
| 20140131100033 | 160       | 47            |
| 20140131100049 | 160       | 47            |
| 20140131100149 | 160       | 47            |
| 20140131100219 | 160       | 47            |
| 20140131100234 | 160       | 47            |
| 20140131100305 | 160       | 47            |
| 20140131100350 | 160       | 47            |
| 20140131100435 | 160       | 47            |
| 20140131100450 | 160       | 47            |
| 20140131100520 | 160       | 47            |
| 20140131100535 | 160       | 47            |
| 20140131100606 | 160       | 47            |
| 20140131100651 | 160       | 47            |
| 20140131100736 | 160       | 46            |
| 20140131100751 | 160       | 47            |
| 20140131100852 | 160       | 46            |
| 20140131100937 | 160       | 46            |
| 20140131101022 | 160       | 46            |
| 20140131101108 | 160       | 46            |
| 20140131101153 | 160       | 46            |
| 20140131101238 | 160       | 46            |
| 20140131101324 | 160       | 46            |
| 20140131101409 | 160       | 46            |
| 20140131101454 | 160       | 46            |
| 20140131101540 | 160       | 46            |
| 20140131101555 | 160       | 46            |
| 20140131101625 | 160       | 46            |
| 20140131101640 | 160       | 46            |
| 20140131101710 | 160       | 46            |
| 20140131101811 | 160       | 46            |
| 20140131101856 | 160       | 46            |
| 20140131101942 | 160       | 46            |
| 20140131102027 | 160       | 46            |
| 20140131102057 | 160       | 46            |
| 20140131102157 | 160       | 46            |
| 20140131102212 | 160       | 46            |
| 20140131102243 | 160       | 46            |
| 20140131102328 | 160       | 46            |
| 20140131102413 | 160       | 46            |
| 20140131102428 | 160       | 46            |
| 20140131102458 | 160       | 46            |
| 20140131102513 | 160       | 46            |
| 20140131102544 | 160       | 46            |
| 20140131102559 | 160       | 46            |
| 20140131102629 | 160       | 46            |
| 20140131102714 | 160       | 46            |
| 20140131102730 | 160       | 46            |
| 20140131102800 | 160       | 46            |
| 20140131102815 | 160       | 46            |
| 20140131102845 | 160       | 46            |
| 20140131102900 | 160       | 46            |
| 20140131103000 | 160       | 46            |
| 20140131103046 | 160       | 46            |
| 20140131103131 | 160       | 46            |
| 20140131103332 | 150       | 46            |
| 20140131103347 | 150       | 46            |
| 20140131103417 | 150       | 46            |
| 20140131103432 | 150       | 46            |
| 20140131103503 | 150       | 46            |
| 20140131103548 | 150       | 46            |
| 20140131103618 | 150       | 46            |
| 20140131103649 | 150       | 46            |
| 20140131103734 | 150       | 46            |
| 20140131103819 | 150       | 46            |
| 20140131103834 | 150       | 46            |
| 20140131103905 | 150       | 46            |
| 20140131103920 | 150       | 46            |
| 20140131103950 | 150       | 46            |
| 20140131104005 | 150       | 46            |
| 20140131104035 | 150       | 46            |
| 20140131104120 | 150       | 46            |
| 20140131104135 | 150       | 47            |
| 20140131104206 | 150       | 47            |
| 20140131104221 | 150       | 47            |
| 20140131104251 | 150       | 47            |
| 20140131104306 | 150       | 47            |
| 20140131104407 | 150       | 47            |
| 20140131104452 | 150       | 47            |
| 20140131104537 | 150       | 47            |
| 20140131104622 | 150       | 46            |
| 20140131104708 | 150       | 46            |
| 20140131104753 | 150       | 46            |
| 20140131104838 | 150       | 46            |
| 20140131104924 | 150       | 46            |
| 20140131105009 | 150       | 46            |
| 20140131105024 | 150       | 46            |
| 20140131105110 | 150       | 46            |
| 20140131105155 | 150       | 46            |
| 20140131105240 | 150       | 46            |
| 20140131105325 | 150       | 46            |
| 20140131105411 | 150       | 46            |
| 20140131105456 | 150       | 46            |
| 20140131105526 | 150       | 46            |
| 20140131105611 | 150       | 46            |
| 20140131105627 | 150       | 46            |
| 20140131105657 | 150       | 46            |
| 20140131105712 | 150       | 46            |
| 20140131105757 | 150       | 47            |
| 20140131105812 | 150       | 47            |
| 20140131105842 | 150       | 47            |
| 20140131105857 | 150       | 46            |
| 20140131105943 | 150       | 47            |
| 20140131110013 | 150       | 47            |
| 20140131110059 | 150       | 47            |
| 20140131110144 | 150       | 47            |
| 20140131110159 | 150       | 47            |
| 20140131110229 | 150       | 47            |
| 20140131110244 | 150       | 47            |
| 20140131110314 | 150       | 47            |
| 20140131110400 | 150       | 47            |
| 20140131110430 | 150       | 47            |
| 20140131110847 | 150       | 46            |
| 20140131110947 | 150       | 45            |
| 20140131111033 | 150       | 45            |
| 20140131111118 | 150       | 45            |
| 20140131111203 | 150       | 45            |
| 20140131111218 | 150       | 45            |
| 20140131111248 | 150       | 45            |
| 20140131111303 | 150       | 45            |
| 20140131111334 | 150       | 45            |
| 20140131111349 | 150       | 45            |
| 20140131111419 | 150       | 45            |
| 20140131111504 | 150       | 45            |
| 20140131111550 | 150       | 45            |
| 20140131111605 | 150       | 45            |
| 20140131111635 | 150       | 45            |
| 20140131111650 | 150       | 45            |
| 20140131111720 | 150       | 45            |
| 20140131111805 | 150       | 45            |
| 20140131111835 | 150       | 44            |
| 20140131111921 | 150       | 45            |
| 20140131112051 | 140       | 45            |
| 20140131112137 | 140       | 45            |
| 20140131112222 | 140       | 45            |
| 20140131112307 | 140       | 45            |
| 20140131112538 | 140       | 45            |
| 20140131112624 | 140       | 45            |
| 20140131112709 | 140       | 46            |
| 20140131112754 | 140       | 45            |
| 20140131112824 | 140       | 45            |
| 20140131112910 | 140       | 45            |
| 20140131112955 | 140       | 45            |
| 20140131113010 | 140       | 45            |
| 20140131113040 | 140       | 45            |
| 20140131113055 | 140       | 45            |
| 20140131113126 | 140       | 45            |
| 20140131113211 | 140       | 45            |
| 20140131113241 | 140       | 45            |
| 20140131113311 | 140       | 45            |
| 20140131113327 | 140       | 45            |
| 20140131113357 | 140       | 45            |
| 20140131113442 | 140       | 45            |
| 20140131113527 | 140       | 45            |
| 20140131113543 | 140       | 45            |
| 20140131113613 | 140       | 45            |
| 20140131113628 | 140       | 46            |
| 20140131113658 | 140       | 45            |
| 20140131113743 | 140       | 45            |
| 20140131113829 | 140       | 45            |
| 20140131113844 | 140       | 45            |
| 20140131113914 | 140       | 46            |
| 20140131113929 | 140       | 45            |
| 20140131114245 | 140       | 46            |
| 20140131114331 | 140       | 46            |
| 20140131114416 | 140       | 46            |
| 20140131114501 | 140       | 46            |
| 20140131114547 | 140       | 46            |
| 20140131114632 | 140       | 46            |
| 20140131114647 | 140       | 46            |
| 20140131114717 | 140       | 46            |
| 20140131114732 | 140       | 46            |
| 20140131114803 | 140       | 46            |
| 20140131114848 | 140       | 45            |
| 20140131114933 | 140       | 45            |
| 20140131114948 | 140       | 45            |
| 20140131115019 | 140       | 45            |
| 20140131115034 | 140       | 45            |
| 20140131115104 | 140       | 45            |
| 20140131115149 | 140       | 45            |
| 20140131115235 | 140       | 45            |
| 20140131115250 | 140       | 45            |
| 20140131115320 | 140       | 45            |
| 20140131115335 | 140       | 45            |
| 20140131115435 | 140       | 45            |
| 20140131115521 | 140       | 45            |
| 20140131120053 | 150       | 45            |
| 20140131120123 | 150       | 45            |
| 20140131120138 | 150       | 45            |
| 20140131120209 | 150       | 45            |
| 20140131120254 | 160       | 45            |
| 20140131120339 | 160       | 45            |
| 20140131120354 | 160       | 45            |
| 20140131120425 | 160       | 45            |
| 20140131120440 | 160       | 44            |
| 20140131120510 | 160       | 44            |
| 20140131120525 | 160       | 44            |
| 20140131120555 | 160       | 44            |
| 20140131120641 | 160       | 44            |
| 20140131120656 | 160       | 44            |
| 20140131120726 | 160       | 44            |
| 20140131120741 | 160       | 44            |
| 20140131120826 | 160       | 44            |
| 20140131120912 | 160       | 44            |
| 20140131120927 | 150       | 44            |
| 20140131120957 | 150       | 44            |
| 20140131121012 | 150       | 44            |
| 20140131121043 | 150       | 44            |
| 20140131121058 | 150       | 44            |
| 20140131121128 | 150       | 44            |
| 20140131121213 | 150       | 44            |
| 20140131121228 | 150       | 44            |
| 20140131121259 | 150       | 44            |
| 20140131121314 | 150       | 44            |
| 20140131121344 | 150       | 44            |
| 20140131121359 | 150       | 44            |
| 20140131121429 | 150       | 44            |
| 20140131121459 | 150       | 44            |
| 20140131121545 | 150       | 44            |
| 20140131121630 | 150       | 44            |
